customerID;country;gender;name
97218;usa;m;Daleel, el-Sinai
71221;usa;m;Waseef, Sharma
39248;usa;f;Jessica, el-Taha
41419;usa;f;Hannah, Cung
55495;usa;f;Chelsea, Vang
17358;usa;f;Ashley, Marler
86957;usa;f;Tiegen, Chambers
65343;usa;m;Marwaan, Estrada
85419;usa;m;Jeramiah, Brame
79896;usa;f;Zeinab, Brown
25984;usa;m;Lee, el-Naim
35461;usa;f;Romina, Salazar
79438;usa;m;David, al-Salek
15096;usa;f;Zhana, Hunt
9411;usa;m;Zachary, Ortiz
94003;usa;m;Arnhil, Shockley
28150;usa;f;Catalina, Green
27665;usa;m;Andre-Lee, al-Bashara
88129;usa;f;Sara, Herrera
37866;usa;m;Theodore, Young
46745;usa;m;Alexander, Hammer
95031;usa;f;Kaylah, al-Jan
73955;usa;f;Leilani, Lising
5414;usa;f;Courtney, el-Hussain
37777;usa;m;Christopher, Medina
72173;usa;m;Alonzo, el-Farrah
89220;usa;f; Huda, Kim
80542;usa;m;Hakam, O Brien
88314;usa;f;Rian, Jorgenson
32056;usa;f;Alicyn, Cotter
67151;usa;m;Jasoor, Boisselle
78795;usa;m;Imraan, Coleman
84186;usa;f;Courtney, Caldera-Velazquez
92556;usa;f;Sierra, Burger
82849;usa;f;Abigail, al-Dib
72053;usa;f;Emilie, Malchow
26768;usa;m;Howard, Thamert
84839;usa;m;Hamid, el-Waheed
7872;usa;f;Taylor, Beal
64709;usa;f;Nikita, al-Arafat
25010;usa;m;Fuaad, Hu
93156;usa;f;Aasima, Chen
76212;usa;f;Claudia, Nelson
78226;usa;f;Kayla, el-Abdul
6600;usa;f;Alexandra, Burks
16996;usa;f;Joy, al-Rahman
76822;usa;f;Maria, al-Muhammad
23772;usa;f;Carina, el-Kamal
91650;usa;f;Nichole, Mclean
7457;usa;f;Brandi, Embry
27346;usa;m;Anthony, Hudson
57691;usa;f; Sakeena, Porter
53372;usa;f;Nancy, Marshall
68108;usa;m;Alonzo, Guerrero
73501;usa;f;Karen, Pavlis Jr
28092;usa;m;Derek, Diakite
10857;usa;f;Monica, Aremu
57069;usa;m;David, Kirby
72185;usa;f;Alexis, Chavez
51447;usa;f;Labeeba, Segoviano
69684;usa;m;Aaqil, Mclagan
25249;usa;m;Isaac, Truong
55415;usa;f;Natalie, Rogers
92387;usa;f;Rashawna, Smith
8662;usa;m;Alec, Redhorse
81011;usa;f;Jennie, Ba
14184;usa;m;Aslam, Miller
42994;usa;f;Nicole, Saavedra
59310;usa;m;Joshua, Ling
81158;usa;f;Elika, al-Shariff
64119;usa;f;Paige, Galan
20221;usa;f;Azailah, Mendoza-Hernandez
13066;usa;m;Mohammad, Acevedo
38230;usa;f;Mawhiba, Tessier
92909;usa;f;Mufliha, Molina
68555;usa;m;Donovan, Leija
52575;usa;f;Adriana, Yen
52095;usa;f;Mahdeeya, Carroll
92411;usa;f;Lateisha, Vo
46188;usa;m;Ezekiel, Buchanan
93142;usa;f;Naseema, Sugar
62455;usa;m;Montay, Qiang
39151;usa;f;Tammy, Gibson
7003;usa;m;Daifallah, Silk
59690;usa;m;Salaah, Smallwood
75696;usa;m;Frank, el-Toure
4682;usa;m;Jason, Holand
99306;usa;m;Fareed, el-Darwish
25645;usa;m;Kevin, Smith
53075;usa;f;Jenny, Meneses
53012;usa;f;Shaqeeqa, Nealy
40747;usa;m;Ryan, Dunker
35010;usa;m;Qais, Snow
15149;usa;f;Olivya, Talain
37265;usa;m;Austin, Hintz
6709;usa;f;Naomi, Xiong
59515;usa;m;Christopher, Tipton
4722;usa;m;Bryan, Hyden-Terry
99624;usa;f;Kristin, Pona
95029;usa;f;Sara, Littlejohn
69946;usa;m;Mazhar, Pilar
56842;usa;f;Haakima, Distin
41822;usa;m;Haamid, Ordonez
97544;usa;m;Tyrell, Gonzales
35179;usa;f;Hameeda, Heuman
20777;usa;m;Patrick, Lopez
34081;usa;f;Naseera, Fryer
48713;usa;m;Dylan, el-Abdulla
23095;usa;f;Haifaaa, O'Bryan
63603;usa;f;Sabrina, Malika
97124;usa;f;Crystal, Chenoweth
56379;usa;m;Luis, el-Nasrallah
40847;usa;m;Abiy, Martin
89505;usa;m;Randall, Pickering
97806;usa;m;Abdul Kader, Mahoney
39188;usa;m;Peter, Chapman
38985;usa;f;Nyla, Hong
35044;usa;m;Mubashshir, el-Lodi
38660;usa;f;Alexandrea, el-Meskin
1996;usa;m;Forest, Gracia
29522;usa;f;Kawthar, Heidrich
6073;usa;m;Dylan, Thao
53830;usa;f;Raven, Dixon
56659;usa;f;Sage, Vanbeber
92695;usa;m;Steven, Jones Jr
38805;usa;m;Bryce, Anguiano Villa
44479;usa;f;Kade, Pitts
59209;usa;f;Sylvia, Coblentz
36705;usa;f;Rubyna, Mcclanahan-Saenz
66992;usa;m;Nicholas, Wing
69642;usa;m;Khari, Borbon
85693;usa;m;Marcus, el-Atallah
1208;usa;m;Enrique, Jackson
48102;usa;m;Jamil, Tsinnijinnie
55373;usa;m;Musaddiq, Miller
15388;usa;m;Garrett, Lucero
27939;usa;f;Emma, Glenn
79853;usa;m;Waatiq, Wiscombe
86275;usa;m;Clarence, Apodaca
7364;usa;f;Rachael, el-Zadeh
16326;usa;m;Jake, Gulley
19698;usa;f;Hannah, Forsythe
54569;usa;f;Michaela, Sipich
79567;usa;m;Noah, Le
26120;usa;f;Aurora, Aguilar
2622;usa;f;Nicole, el-Mohammad
46384;usa;f;Katherine, Adams
6453;usa;f;Kijana, al-Niazi
10710;usa;m;Jordan, al-Darwish
50796;usa;f;Destiny, al-Abbas
52661;usa;m;Fernando, Vanzandt
24207;usa;m;Stevon, Cordova
1108;usa;m;Awni, Lee
8895;usa;f;Waliyya, el-Rahman
26008;usa;f;Madison, Hughes
13544;usa;f;Tawnie, Houtris
33163;usa;f;Lisa, Fong
27397;usa;m;Aaron, Brisbane
23243;usa;m;Robert, Harding
36209;usa;f;Maggie Rose, el-Abbas
35777;usa;m;Shaqeeq, Murrelle
53396;usa;m;Christian, Cramer
95556;usa;f;Joann, Perry
69014;usa;m;Edwin, Bowman
10074;usa;f;Mallori, al-Mussa
33100;usa;f;Kimiko, Cahn
63616;usa;m;Kyle, Horton
61791;usa;f;Nisa, Kim
15791;usa;f;Sydney, White
99765;usa;m;Roshan, Reyes
94843;usa;m;Majid, al-Akhter
58443;usa;m;Jalen, Cox
4642;usa;m;Cory, Iniguez Ledezma
29206;usa;f;Maariya, Pacheco
31347;usa;f;Aaisha, Qiu
99042;usa;f;Paige, el-Abraham
15219;usa;m;William, Dorrance
79215;usa;f;Jordan, Navarro-Tapia
4140;usa;m;Kaamil, Thielk
45042;usa;f;Cassandra, Andree
83815;usa;f;Devon, Reed
45057;usa;f;Jordan, Steele
9993;usa;f;Rachel, Lanier
73310;usa;f;Kinaana, Aguilar
86736;usa;f;Summer, Walker
80844;usa;m;Mason, Rayos
48544;usa;f;Tisa, Artichoker
2065;usa;f;Tiffani, Brown
41852;usa;m;Zachariah, Black Jr
81337;usa;f;Shawnia, Wright
16136;usa;m;Conner, Duran
79528;usa;f;Forest Green, Garner
8524;usa;m;Anthony, al-Hariri
29892;usa;f;Angela, Howard
58082;usa;f;Jane, Perez
4733;usa;m;Fred, al-Shehata
13508;usa;m;Manuel, Garcia
65139;usa;m;Arafaat, Towns
13608;usa;f;Acelynn, Montoya
15284;usa;m;Jaalen, Fink
68328;usa;f;Francisca, Powless
48154;usa;f;Hadeel, Platero
92252;usa;f;Michelle, Bellacome
25377;usa;f;Summer, Emerson
29894;usa;m;Blake, Ruby
64039;usa;f;Ta'Sheena, Alpaugh
6543;usa;m;Zaahir, White
40223;usa;m;Tahjneke, Olson-Green
70215;usa;m;Lee, Mortel
23857;usa;f;Meyah, Knopp
69961;usa;f;Christy, al-Fahs
40247;usa;m;Christopher, Strahl
33968;usa;f;Calida, De Dios
15750;usa;f;Damisha, Barrios
66759;usa;m;Jam,Aan, Cigarroa Guerrero
3802;usa;m;Cheyenne, el-Rehmann
92250;usa;f;Jenice, Dawkins
28025;usa;m;Adam, Maloney
15689;usa;f;Rahma, Kromah
30018;usa;m;Matthew, Drozdowski
46882;usa;m;Fernando, Saenz
37140;usa;m;Corey, al-Salama
34875;usa;f;Desiree, John III
23901;usa;f;Kassandra, Balaji
93282;usa;f;Akankcha, Tobon
53491;usa;f;Jessica, Collins
67477;usa;m;Jonathon, Cook
52115;usa;m;Daniel, Carrillo
43932;usa;f;Morgan, Givens
19687;usa;m;Zaahid, Bantiling
67570;usa;m;Jacob, el-Galla
19296;usa;m;Mack, Van
53948;usa;f;Autumn, Choi
17695;usa;f;Amal, Booth
59989;usa;m;Zackeriah, Barrie
37347;usa;m;John, Porambo
12636;usa;m;Fernando, Mcnamara
32340;usa;f;Gabrielle, Watts-Hight
85815;usa;f;Ashley, Tall Bull
15156;usa;f;Daeja, Vasquez
72885;usa;m;Joel, Gonzalez
27845;usa;m;Eric, Coffman
55742;usa;m;Justin, Topaha
98162;usa;f;Khawla, Lopez
54714;usa;f;Tianna, Vongvichith
11643;usa;f;Rockelle, O'Neill
18709;usa;f;Tre, al-Samara
94391;usa;f;Jazzmin, el-Aly
47636;usa;f;Meaghan, Kunimune
9372;usa;m;Willie, Moore
13926;usa;m;Darrion, Marlow
47520;usa;m;Kolton, Balogh
24857;usa;m;Dior, Hashmi
34499;usa;m;Thomas, Barrera
49480;usa;m;Shawn, Alcon
45520;usa;m;John, Xatkoun
87622;usa;m;Hunter, Prechtl
31101;usa;f;Renee, King
91198;usa;f;Maribel, al-Kaleel
71202;usa;f;Jaleesa-Lynn, Posey
2719;usa;m;Afeef, Watts
69141;usa;f;Samantha, Rosa
88364;usa;m;Joshua, Yoshimura
75371;usa;m;Dominic, al-Abbasi
51721;usa;m;Austen, Garcia
97177;usa;m;Raaid, al-Fahmy
46822;usa;m;Micaiah, Woods
37480;usa;f;Saron, Silverston
11337;usa;m;Peter, Duchan
45059;usa;m;David, Beiser
98048;usa;m;Maajid, Castro
93017;usa;f;Safwa, Ortiz
69578;usa;f;Alexa, Madsen
69281;usa;m;Elijah, Rollerson
63349;usa;f;Warda, Pascua
34357;usa;m;Zaaid, Martinez
45708;usa;m;Jeremy, Lee
18802;usa;m;Ailec, Lovins
48491;usa;m;Neelish, Smrekar
83782;usa;f;Miriam, Wright
85488;usa;f;Chakara, Diaz
59403;usa;m;Hieu, Trujillo
41521;usa;m;Samuel, Temple
76203;usa;f;Angela, Rasquinha
65695;usa;f;Rifqa, Salas-Smith
65137;usa;m;Zachery, Rosas
92782;usa;m;Dario, Reese
26694;usa;f;Monique, Adhikari
19504;usa;f;De Ying, Makaiwi
24668;usa;f;Anapaola, Parker
75271;usa;f;Tateh, Loi
24735;usa;m;Tushar, Owens
20884;usa;m;Colen, Palomino
48769;usa;m;Bobby, Norris
26375;usa;f;Brianna, Marquez
65095;usa;m;Andy, Fuentes
20325;usa;f;Jordan, Jaramillo
15769;usa;m;Derek, Murray
38523;usa;f;Octevia, al-Salih
96741;usa;f;Kristen, Narangerel
83105;usa;m;Christopher, Leong
31160;usa;f;Emma, Garcia
19308;usa;f;Ilena, al-Miah
76472;usa;f;Intisaar, Fox
22655;usa;f;Nenah, Jaeger
1125;usa;f;Sara, Trujillo
65904;usa;m;Carter, Lopez
97745;usa;f;Tiana, Dedios
45070;usa;m;Clifford, Harm
30750;usa;f;Enjoli, Nguyen
92579;usa;m;Juaquin, al-Tamer
91792;usa;m;Elijah, Kapu
98388;usa;m;Anthony, Bennett
52073;usa;m;Tonyray, Womack
45017;usa;f;Kathy, Pan
29809;usa;m;Alex, el-Haq
62771;usa;f;Mayra, Wilson
4567;usa;m;Marnath, Yazzie
89871;usa;f;Jessica, Lee
45032;usa;f;Amanda, Nguyen
64608;usa;f;Kelly, Garcia
44522;usa;f;Lashay, Smith
93317;usa;m;Carlito, el-Mattar
52254;usa;m;Kevin, Bolden
89184;usa;f;Marisa, Garcia
67473;usa;f;Dominique, Lattany
76025;usa;m;Shakeel, Chheng
80720;usa;m;Omar, Mowers
99925;usa;m;Hakeem, Garcia
83043;usa;f;Randa, Barnett
4500;usa;f;Thanya, el-Din
21075;usa;m;Dion, Randolph
45948;usa;m;Caleb, Amber
74970;usa;m;Fernando, Qualls
67911;usa;m;David, Benson
41174;usa;f;Christina, al-Allee
80129;usa;f;Tamara, Swain
69052;usa;m;James, Forrester
29227;usa;f;Meghan, al-Asmar
87539;usa;m;Michael, Boykin
76464;usa;m;Shawn, Castruita
20062;usa;f;Angela, Ho
33432;usa;f;Shelby, Stevens
77541;usa;m;Alexander, Hess
12307;usa;m;Munjid, Tunson
5274;usa;f;Sydni, el-Ahmad
94146;usa;m;Rafeeq, Martinez
